time, project_bugid, #classes, #samples, #test_samples, accuracy, precision, recall, f1_score
2017-05-07 11:08:45.854402,RxJava_,2,5253,5000+5000-,0.896059394632,[ 0.90029586  0.88841431],[ 0.93573186  0.83158421],[ 0.91767189  0.8590604 ]
